<?xml version="1.0" encoding="utf-8" ?>
<Defs>

  <DamageDef>
    <defName>FExtExtinguish</defName>
    <label>extinguish</label>
    <workerClass>FireExt.DamageWorker_FExtNoCamShake</workerClass>
    <canInterruptJobs>false</canInterruptJobs>
    <makesBlood>false</makesBlood>
    <defaultDamage>99</defaultDamage>
    <explosionCellMote>Mote_BlastExtinguisher</explosionCellMote>
    <explosionColorEdge>(1, 1, 1, 0.05)</explosionColorEdge>
    <soundExplosion>Explosion_Stun</soundExplosion>
    <harmsHealth>false</harmsHealth>
    <combatLogRules>Damage_Extinguish</combatLogRules>
  </DamageDef>

</Defs>
