<?xml version="1.0" encoding="utf-8"?>
<ModMetaData>
  <name>Fire Extinguisher</name>
  <author>pelador</author>
    <supportedVersions>
		<li>1.1</li>
	</supportedVersions>
	<packageId>pelador.fireextinguisher</packageId>
  <description>Adds a pawn useable firefighting tool. Requires Fire Extinguisher research (own tab).\n\nMade at Machining table with a recipe of: 50 steel and 2 Components.\n\n(Since the mechanics of the fire extinguisher is a "gun" it cannot be used by pacifist pawns, though funnily enough this can be used by pyromaniacs.)\n\nWorks with existing saves and should be mod friendly.\n\nTo remove the mod you will have to remove all occurences of the item.\n\n(Credits: Similar idea to previous authors of similar mods in earlier game versions.)</description>
  	<modDependencies>
    <li>
        <packageId>brrainz.harmony</packageId>
        <displayName>Harmony</displayName>
        <steamWorkshopUrl>steam://url/CommunityFilePage/2009463077</steamWorkshopUrl>
        <downloadUrl>https://github.com/pardeike/HarmonyRimWorld/releases/download/v1.0.0/Harmony.zip</downloadUrl>
    </li>
	</modDependencies>
	<loadAfter>
		<li>brrainz.harmony</li>
		<li>Ludeon.RimWorld</li>
        <li>Ludeon.RimWorld.Royalty</li>
    </loadAfter>
</ModMetaData>
